ホヤ,ホヤ,ホヤ,カスタム名詞
ほや,ほや,ほや,カスタム名詞
ホラー,ホラー,ホラー,カスタム名詞
ボラカイ,ボラカイ,ボラカイ,カスタム名詞
ボラギノール,ボラギノール,ボラギノール,カスタム名詞
ポラロイド,ポラロイド,ポラロイド,カスタム名詞
ポリ,ポリ,ポリ,カスタム名詞
ポリエステル,ポリエステル,ポリエステル,カスタム名詞
ポリエチレン,ポリエチレン,ポリエチレン,カスタム名詞
ホリカ,ホリカ,ホリカ,カスタム名詞
ボリカ,ボリカ,ボリカ,カスタム名詞
ホリカホリカ,ホリカホリカ,ホリカホリカ,カスタム名詞
ほりかほりか,ほりかほりか,ほりかほりか,カスタム名詞
ポリジェル,ポリジェル,ポリジェル,カスタム名詞
ポリス,ポリス,ポリス,カスタム名詞
ホリスタ,ホリスタ,ホリスタ,カスタム名詞
ホリスター,ホリスター,ホリスター,カスタム名詞
ほりすたー,ほりすたー,ほりすたー,カスタム名詞
ホリック,ホリック,ホリック,カスタム名詞
ポリッシャー,ポリッシャー,ポリッシャー,カスタム名詞
ポリッシャー,ポリッシャー,ポリッシャー,カスタム名詞
ポリッシュ,ポリッシュ,ポリッシュ,カスタム名詞
ホリデイ,ホリデイ,ホリデイ,カスタム名詞
ホリデー,ホリデー,ホリデー,カスタム名詞
ボリューマー,ボリューマー,ボリューマー,カスタム名詞
ボリューム,ボリューム,ボリューム,カスタム名詞
ボルヴィック,ボルヴィック,ボルヴィック,カスタム名詞
ホルガス,ホルガス,ホルガス,カスタム名詞
ボルコム,ボルコム,ボルコム,カスタム名詞
ホルター,ホルター,ホルター,カスタム名詞
ホルダー,ホルダー,ホルダー,カスタム名詞
ポルチーニ,ポルチーニ,ポルチーニ,カスタム名詞
ボルト,ボルト,ボルト,カスタム名詞
ポルトガル語,ポルトガル語,ポルトガル語,カスタム名詞
ボルネオ,ボルネオ,ボルネオ,カスタム名詞
ボルビク,ボルビク,ボルビク,カスタム名詞
ボルビック,ボルビック,ボルビック,カスタム名詞
ボルリ,ボルリ,ボルリ,カスタム名詞
ホルン,ホルン,ホルン,カスタム名詞
ホレ,ホレ,ホレ,カスタム名詞
ほれ,ほれ,ほれ,カスタム名詞
ポレノン,ポレノン,ポレノン,カスタム名詞
ボレロ,ボレロ,ボレロ,カスタム名詞
ポロ,ポロ,ポロ,カスタム名詞
ぽろ,ぽろ,ぽろ,カスタム名詞
ホログラム,ホログラム,ホログラム,カスタム名詞
ポロシャツ,ポロシャツ,ポロシャツ,カスタム名詞
ポロベア,ポロベア,ポロベア,カスタム名詞
ほろよい,ほろよい,ほろよい,カスタム名詞
ポロロ,ポロロ,ポロロ,カスタム名詞
ポロロッカ,ポロロッカ,ポロロッカ,カスタム名詞
ホロ酔い,ホロ酔い,ホロ酔い,カスタム名詞
ほろ酔い,ほろ酔い,ほろ酔い,カスタム名詞
ホワイト,ホワイト,ホワイト,カスタム名詞
ホワイトデー,ホワイトデー,ホワイトデー,カスタム名詞
ホワイトニング,ホワイトニング,ホワイトニング,カスタム名詞
ホンギ,ホンギ,ホンギ,カスタム名詞
ポンジャン,ポンジャン,ポンジャン,カスタム名詞
ポンズ,ポンズ,ポンズ,カスタム名詞
ぽんず,ぽんず,ぽんず,カスタム名詞
ホンダ,ホンダ,ホンダ,カスタム名詞
ほんだ,ほんだ,ほんだ,カスタム名詞
ポンチ,ポンチ,ポンチ,カスタム名詞
ホンチョ,ホンチョ,ホンチョ,カスタム名詞
ポンチョ,ポンチョ,ポンチョ,カスタム名詞
ボンディング,ボンディング,ボンディング,カスタム名詞
ボンテージ,ボンテージ,ボンテージ,カスタム名詞
ボンド,ボンド,ボンド,カスタム名詞
ボンネット,ボンネット,ボンネット,カスタム名詞
ボンネマ,ボンネマ,ボンネマ,カスタム名詞
ボンバー,ボンバー,ボンバー,カスタム名詞
ボンビアルコン,ボンビアルコン,ボンビアルコン,カスタム名詞
ポンプ,ポンプ,ポンプ,カスタム名詞
ポンプ,ポンプ,ポンプ,カスタム名詞
ボンベ,ボンベ,ボンベ,カスタム名詞
ホンポ,ホンポ,ホンポ,カスタム名詞
ボンボン,ボンボン,ボンボン,カスタム名詞
ポンポン,ポンポン,ポンポン,カスタム名詞
ポンポンズ,ポンポンズ,ポンポンズ,カスタム名詞
ホンミー,ホンミー,ホンミー,カスタム名詞
ポンレヴォック,ポンレヴォック,ポンレヴォック,カスタム名詞
ポン酢,ポン酢,ポン酢,カスタム名詞
ぽん酢,ぽん酢,ぽん酢,カスタム名詞
マーカー,マーカー,マーカー,カスタム名詞
マーカー,マーカー,マーカー,カスタム名詞
マーガリン,マーガリン,マーガリン,カスタム名詞
マーガレット,マーガレット,マーガレット,カスタム名詞
マーキンス,マーキンス,マーキンス,カスタム名詞
マーク,マーク,マーク,カスタム名詞
マークジェイコブス,マークジェイコブス,マークジェイコブス,カスタム名詞
マークバイ,マークバイ,マークバイ,カスタム名詞
マーケット,マーケット,マーケット,カスタム名詞
マーケットO,マーケットO,マーケットO,カスタム名詞
マーケットオー,マーケットオー,マーケットオー,カスタム名詞
マーケティング,マーケティング,マーケティング,カスタム名詞
マーシャル,マーシャル,マーシャル,カスタム名詞
マーシュフィールド,マーシュフィールド,マーシュフィールド,カスタム名詞
マーチン,マーチン,マーチン,カスタム名詞
マーチン風,マーチン風,マーチン風,カスタム名詞
マービス,マービス,マービス,カスタム名詞
マーベル,マーベル,マーベル,カスタム名詞
マーメイド,マーメイド,マーメイド,カスタム名詞
マーモット,マーモット,マーモット,カスタム名詞
まーもっと,まーもっと,まーもっと,カスタム名詞
マイキー,マイキー,マイキー,カスタム名詞
マイク,マイク,マイク,カスタム名詞
マイクロ,マイクロ,マイクロ,カスタム名詞
マイクロソフト,マイクロソフト,マイクロソフト,カスタム名詞
マイクロメータ,マイクロメータ,マイクロメータ,カスタム名詞
マイケルコース,マイケルコース,マイケルコース,カスタム名詞
